file,total_background_rate,solar_elevation,classification,solar_background_rate
processed_ATL03_20200103231215_01260602_006_01.h5,2693.2626911948337,-14.366390228271484,Nighttime,
processed_ATL03_20200120221315_03850602_006_01.h5,13806.160938730458,-3.189083235595707,Twilight,0.0
processed_ATL03_20200123102047_04230606_006_01.h5,40221.2978331275,-20.771891516072188,Nighttime,
processed_ATL03_20200127101229_04840606_006_01.h5,53756.80956395094,-22.627933479509,Nighttime,
processed_ATL03_20200128215639_05070602_006_01.h5,359099.1436096114,3.0444767585617476,Twilight,227345.78169107437
processed_ATL03_20200201214818_05680602_006_01.h5,529435.552229354,5.779487614282246,Twilight,329867.47343444824
processed_ATL03_20200218204918_08270602_006_01.h5,1184736.9505547313,17.405200287505618,Daytime,1666541.374866092
processed_ATL03_20200221085649_08650606_006_01.h5,22374.124763767093,-32.0131039217493,Nighttime,
processed_ATL03_20200222204059_08880602_006_01.h5,688033.4751943491,20.51920772131919,Daytime,1861048.2517014507
processed_ATL03_20200225084829_09260606_006_01.h5,38114.72681797276,-33.27572123209635,Nighttime,
processed_ATL03_20200226203238_09490602_006_01.h5,4792078.4466824625,23.537683123633975,Daytime,2049588.014623465
processed_ATL03_20200229084009_09870606_006_01.h5,26127.755282484995,-34.3192597084936,Nighttime,
processed_ATL03_20200301202417_10100602_006_01.h5,889223.9040683447,26.674097898949583,Daytime,2245494.4969852646
processed_ATL03_20200305201556_10710602_006_01.h5,3788257.105734832,30.298559347788494,Daytime,2471885.310625827
processed_ATL03_20200318192523_12690602_006_01.h5,1351106.399095953,37.82273376543905,Daytime,2941859.6757638804
processed_ATL03_20200322191701_13300602_006_01.h5,4055652.4726818614,40.80553877688595,Daytime,3128171.3976581595
processed_ATL03_20200325072428_13680606_006_01.h5,276003.2899430346,-38.01975886027018,Nighttime,
processed_ATL03_20200326190838_00040702_006_01.h5,1214166.848817978,44.136398494099446,Daytime,3336223.2840271275
processed_ATL03_20200329071609_00420706_006_01.h5,40921.18564560988,-38.085152261671595,Nighttime,
processed_ATL03_20200330190017_00650702_006_01.h5,2897362.4389916896,47.033739194511774,Daytime,3517196.7411376704
processed_ATL03_20200403185200_01260702_006_03.h5,1422029.572889437,50.41658441740958,Daytime,3728495.7418974275
processed_ATL03_20200416180123_03240702_006_02.h5,1212471.3817819578,56.88941257443048,Daytime,4132801.003164019
processed_ATL03_20200419060855_03620706_006_02.h5,11336.364038336214,-36.11201312276911,Nighttime,
processed_ATL03_20200420175305_03850702_006_02.h5,8790328.564517578,59.43912149047851,Daytime,4292060.7122818045
processed_ATL03_20200423060037_04230706_006_02.h5,13875.464784802263,-36.77773346454934,Nighttime,
processed_ATL03_20200424174447_04460702_006_02.h5,11769916.10352509,62.44312992182514,Daytime,4479696.84045018
processed_ATL03_20200427055215_04840706_006_02.h5,24467.29998703863,-37.28700614391692,Nighttime,
processed_ATL03_20200428173625_05070702_006_02.h5,5890936.079037134,64.92542139996337,Daytime,4634745.527092652
processed_ATL03_20200501054353_05450706_006_01.h5,27995.160394601022,-35.154712923723665,Nighttime,
processed_ATL03_20200502172804_05680702_006_01.h5,1858938.9999125663,66.71920158729003,Daytime,4746788.477978858
processed_ATL03_20200514045317_07430706_006_01.h5,101200.1387867376,-33.12479663476581,Nighttime,
processed_ATL03_20200515163727_07660702_006_01.h5,4029271.209775364,70.89727247756439,Daytime,5007758.799128272
processed_ATL03_20200518044459_08040706_006_01.h5,21390.274746852945,-32.48489073114458,Nighttime,
processed_ATL03_20200519162909_08270702_006_01.h5,11263527.80896702,71.30119411230662,Daytime,5032988.519136913
processed_ATL03_20200522043639_08650706_006_01.h5,27726.586265306785,-30.78756402104017,Nighttime,
processed_ATL03_20200523162049_08880702_006_01.h5,2394186.0851803604,71.34785883815056,Daytime,5035903.287413869
processed_ATL03_20200526042817_09260706_006_01.h5,192063.31330177086,-30.286723850078406,Nighttime,
processed_ATL03_20200527161228_09490702_006_01.h5,3866876.0375585253,70.91486510319069,Daytime,5008857.668266717
processed_ATL03_20200530041958_09870706_006_01.h5,14797.137764492889,-28.866483673855846,Nighttime,
processed_ATL03_20200531160408_10100702_006_01.h5,2673537.075175427,69.99713837967872,Daytime,4951534.696959596
processed_ATL03_20200608033738_11240706_006_01.h5,34564.247899867914,-27.469124403873938,Nighttime,
processed_ATL03_20200609152147_11470702_006_01.h5,1473215.054213498,66.15265682069996,Daytime,4711401.005251505
processed_ATL03_20200612032917_11850706_006_01.h5,38634.13533752579,-26.62868586505384,Nighttime,
processed_ATL03_20200613151327_12080702_006_01.h5,6435067.604220629,64.68456579542953,Daytime,4619701.224083781
processed_ATL03_20200616032058_12460706_006_01.h5,16662.513664877562,-24.48468769049549,Nighttime,
processed_ATL03_20200617150508_12690702_006_01.h5,8234690.942282691,62.90583281198949,Daytime,4508598.150412161
processed_ATL03_20200620031238_13070706_006_01.h5,78310.58091236708,-23.989503564854612,Nighttime,
processed_ATL03_20200621145648_13300702_006_01.h5,2091374.7284403527,60.61197065362462,Daytime,4365319.120481279
processed_ATL03_20200624030418_13680706_006_01.h5,1450.7135090318498,-23.243765727303217,Nighttime,
processed_ATL03_20200625144828_00040802_006_01.h5,6557029.969762381,58.23505245263165,Daytime,4216852.250830274
processed_ATL03_20200628025559_00420806_006_01.h5,110170.96579499701,-22.114351442730076,Nighttime,
processed_ATL03_20200629144009_00650802_006_01.h5,1611271.1367206054,55.93990911496594,Daytime,4073493.195983019
processed_ATL03_20200703143148_01260802_006_01.h5,1517288.3956790732,53.58790397706497,Daytime,3926582.44403482
processed_ATL03_20200707021337_01790806_006_01.h5,45946.903156638844,-19.85720067705427,Nighttime,
processed_ATL03_20200711020519_02400806_006_01.h5,37795.75206357141,-18.332053259394385,Nighttime,
processed_ATL03_20200712134930_02630802_006_01.h5,2751507.4577635746,47.60112804428408,Daytime,3552636.9369194973
processed_ATL03_20200715015701_03010806_006_01.h5,177058.97577769912,-17.245845284873063,Nighttime,
processed_ATL03_20200716134112_03240802_006_01.h5,4225216.975207497,44.99416261486278,Daytime,3389800.876161126
processed_ATL03_20200719014842_03620806_006_01.h5,84038.4457408923,-16.165504271212004,Nighttime,
processed_ATL03_20200720133252_03850802_006_01.h5,1086128.2890839668,42.32534367015925,Daytime,3223101.326206102
processed_ATL03_20200723014022_04230806_006_01.h5,79140.35345762987,-15.127771424350552,Nighttime,
processed_ATL03_20200724132432_04460802_006_01.h5,3827796.7701561344,39.720189704580584,Daytime,3060378.412953644
processed_ATL03_20200727013202_04840806_006_01.h5,62161.319765603504,-14.107249783170584,Nighttime,
processed_ATL03_20200728131612_05070802_006_01.h5,1088091.083936827,36.889148079226366,Daytime,2883546.1232297295
processed_ATL03_20200801130752_05680802_006_01.h5,4673920.943899507,34.1490156007712,Daytime,2712392.193180585
processed_ATL03_20200809004122_06820806_006_01.h5,179494.59699320886,-10.638800908295066,Nighttime,
processed_ATL03_20200810122532_07050802_006_01.h5,1068897.9927847406,27.84727919411428,Daytime,2318773.650787634
processed_ATL03_20200813003303_07430806_006_01.h5,42490.099909907636,-9.501473152301626,Nighttime,
processed_ATL03_20200814121713_07660802_006_01.h5,5752663.929646432,25.0592073406471,Daytime,2144625.335429779
processed_ATL03_20200817002443_08040806_006_01.h5,16617.049963783167,-8.673657633989055,Nighttime,
processed_ATL03_20200818120853_08270802_006_01.h5,1094279.5481663574,22.218095326033673,Daytime,1967164.0298782024
processed_ATL03_20200821001623_08650806_006_01.h5,88550.37502800443,-7.514235541809514,Nighttime,
processed_ATL03_20200822120034_08880802_006_01.h5,3775479.618464736,19.388708499379472,Daytime,1790435.1020549166
processed_ATL03_20200825000804_09260806_006_01.h5,89446.81397876945,-6.454590820296701,Nighttime,
processed_ATL03_20200826115214_09490802_006_01.h5,872472.4922581951,16.536142382767128,Daytime,1612258.3513240605
processed_ATL03_20200830114354_10100802_006_01.h5,754567.2350125939,13.67799809981165,Daytime,1433733.177624752
processed_ATL03_20200903113534_10710802_006_02.h5,581694.4312176822,10.853443807332303,Daytime,1257306.0991546002
processed_ATL03_20200906231725_11240806_006_02.h5,33649.48062353326,-3.1481845660217744,Twilight,0.0
processed_ATL03_20200908110135_11470802_006_02.h5,503253.43356873037,7.203728281765667,Daytime,1029337.867445496
processed_ATL03_20200912105316_12080802_006_02.h5,341280.07894445007,4.380522070205796,Twilight,277428.3403222561
processed_ATL03_20200914230046_12460806_006_02.h5,26186.26481486116,-0.9621860267135545,Twilight,77141.9540131092
processed_ATL03_20200916104456_12690802_006_02.h5,125950.94852182808,1.6256601045111767,Twilight,174158.40681171417
processed_ATL03_20200918225226_13070806_006_02.h5,125792.44703489641,0.31131358201008213,Twilight,124885.40938806534
processed_ATL03_20200920103636_13300802_006_02.h5,210471.61413558375,-1.425258747820212,Twilight,59780.94674086571
processed_ATL03_20200922224407_13680806_006_02.h5,172714.08971251204,1.1941339462355751,Twilight,157981.30216646194
processed_ATL03_20200924102817_00040902_006_02.h5,5404.008946849824,-4.534453156049597,Twilight,0.0
processed_ATL03_20200926223548_00420906_006_02.h5,319256.5753720403,2.0764338337093933,Twilight,191056.85539507866
processed_ATL03_20200928101958_00650902_006_02.h5,42946.540686569366,-7.493123294715595,Nighttime,
processed_ATL03_20201002101131_01260902_006_01.h5,362.1598100051391,-10.500501094674165,Nighttime,
processed_ATL03_20201005215324_01790906_006_01.h5,295125.674828767,4.415555006044275,Twilight,278741.54800486565
processed_ATL03_20201009214506_02400906_006_01.h5,331640.74092138046,5.289189014523632,Twilight,311489.24924016
processed_ATL03_20201011092916_02630902_006_01.h5,3016.8440006209767,-17.102435897122042,Nighttime,
processed_ATL03_20201013213647_03010906_006_01.h5,974888.7458435383,6.2987469021792695,Daytime,972810.9947649338
processed_ATL03_20201015092057_03240902_006_01.h5,96992.74215494073,-20.071210913659744,Nighttime,
processed_ATL03_20201017212828_03620906_006_01.h5,379385.6656480939,7.3146814146422745,Daytime,1036268.2129278439
processed_ATL03_20201019091238_03850902_006_01.h5,30239.096275285712,-23.040433986865988,Nighttime,
processed_ATL03_20201021212007_04230906_006_01.h5,539059.9907695217,8.348818287791644,Daytime,1100862.3854504935
processed_ATL03_20201023090418_04460902_006_01.h5,259884.82496922815,-26.032223481266826,Nighttime,
processed_ATL03_20201025211148_04840906_006_01.h5,2574614.756669485,9.36837614095687,Daytime,1164545.9244230608
processed_ATL03_20201027085559_05070902_006_01.h5,469484.5235946693,-29.269784732699847,Nighttime,
processed_ATL03_20201029210331_05450906_006_01.h5,1521040.160322414,9.962021725053399,Daytime,1201626.1661899565
processed_ATL03_20201031084740_05680902_006_01.h5,16340.668559343276,-31.71451310202092,Nighttime,
processed_ATL03_20201107202110_06820906_006_01.h5,674488.877680544,12.858877914241898,Daytime,1382569.3598001893
processed_ATL03_20201109080520_07050902_006_01.h5,167326.14826736267,-38.60647640952581,Nighttime,
processed_ATL03_20201111201251_07430906_006_01.h5,1169250.8182872327,14.147239563596255,Daytime,1463042.8994357307
processed_ATL03_20201113075702_07660902_006_01.h5,224.37694479006203,-41.561702853043876,Nighttime,
processed_ATL03_20201115200432_08040906_006_01.h5,1398742.022021409,15.108680614291737,Daytime,1523096.3514607523
processed_ATL03_20201117074843_08270902_006_01.h5,18312.102258590567,-44.48965702690624,Nighttime,
processed_ATL03_20201119195613_08650906_006_01.h5,737208.2543954616,16.10340274771491,Daytime,1585228.6037444922
processed_ATL03_20201121074024_08880902_006_01.h5,28627.621943633458,-47.40913550755529,Nighttime,
processed_ATL03_20201123194754_09260906_006_01.h5,682141.6288944753,17.083277940723377,Daytime,1646433.4876541982
processed_ATL03_20201125073204_09490902_006_01.h5,45514.46755107935,-50.32221010594868,Nighttime,
processed_ATL03_20201127193934_09870906_006_01.h5,2059743.4233440266,18.298593901893994,Daytime,1722344.453507599
processed_ATL03_20201129072343_10100902_006_01.h5,156814.4450448852,-53.07099330253307,Nighttime,
processed_ATL03_20201206185715_11240906_006_01.h5,4465255.531292323,20.777068463904033,Daytime,1877154.7282480402
processed_ATL03_20201208064125_11470902_006_01.h5,36.89948285143027,-59.01391457703154,Nighttime,
processed_ATL03_20201210184856_11850906_006_01.h5,1565148.2148421055,21.865176377134688,Daytime,1945120.035448076
processed_ATL03_20201212063308_12080902_006_01.h5,31776.705634769776,-61.83763375374974,Nighttime,
processed_ATL03_20201214184038_12460906_006_01.h5,6440840.810459436,22.93182274132584,Daytime,2011744.8131328654
processed_ATL03_20201216062448_12690902_006_01.h5,7292.979228897971,-64.54162620939094,Nighttime,
processed_ATL03_20201218183218_13070906_006_01.h5,2698236.5121689388,23.989010371281957,Daytime,2077778.7801359287
processed_ATL03_20201220061628_13300902_006_01.h5,10407.229098666925,-66.92680416509755,Nighttime,
processed_ATL03_20201222182358_13680906_006_01.h5,3179819.8703778996,25.082950329887492,Daytime,2146108.368075667
processed_ATL03_20201226181538_00421006_006_01.h5,947034.319638348,26.143279988765048,Daytime,2212338.592231427
processed_ATL03_20201228055948_00651002_006_01.h5,41673.45850649981,-70.68798426405911,Nighttime,
